https://images.discerningassets.com/image/upload/c_limit,h_1000,w_1000/v1523760428/Pinwheel_Galaxy_xxxweo.jpg
https://upload.wikimedia.org/wikipedia/commons/thumb/c/c5/M101_hires_STScI-PRC2006-10a.jpg/1280px-M101_hires_STScI-PRC2006-10a.jpg
http://www.nasa.gov/sites/default/files/images/654212main_m101_1920_full.jpg
https://img.purch.com/w/660/aHR0cDovL3d3dy5zcGFjZS5jb20vaW1hZ2VzL2kvMDAwLzAxMi81MjUvb3JpZ2luYWwvbTEwMV9zbWFsbC5qcGc=
https://apod.nasa.gov/apod/image/1506/m101_HubbleSubaru_4000.jpg
https://spaceplace.nasa.gov/pinwheel-galaxy/en/m101pic3.jpg
http://amazingspace.org/uploads/resource_image/image/65/ff_pinwheel_galaxy_m101_lg.png
http://annesastronomynews.com/wp-content/uploads/2012/02/The-Pinwheel-Galaxy-M101-by-Robert-Gendler.jpg
https://c1.staticflickr.com/1/969/41713629042_d9ba5fae92_b.jpg
http://hyperphysics.phy-astr.gsu.edu/hbase/Astro/astpic/pinwheel.jpg
https://theplanets.org/123/2017/02/226_01_full-1024x684.jpg
https://apod.nasa.gov/apod/image/0904/m101_block_big.jpg
http://www.constellation-guide.com/wp-content/uploads/2014/08/Messier-83.jpg
https://s22380.pcdn.co/wp-content/uploads/2016-04-29_57232a6764a1c_M101_small.jpg
https://i.ytimg.com/vi/a7gPQZ-DJeg/maxresdefault.jpg
https://i.ytimg.com/vi/581cO4Ua-k0/maxresdefault.jpg
http://www.sun.org/uploads/images/M83_Southern_Pinwheel_Visible.jpg
http://www.constellation-guide.com/wp-content/uploads/2014/10/Centaurus-A-640x400.jpg
https://s22380.pcdn.co/wp-content/uploads/2017-06-10_593bdd03a002e_34M101GesamtST.jpg
http://cs.astronomy.com/cfs-file.ashx/__key/telligent-evolution-components-attachments/13-58-00-00-00-48-97-10/upld.jpg
https://images.fineartamerica.com/images/artworkimages/mediumlarge/1/galaxy-johari-smith.jpg
http://i.imgur.com/0PFkEIc.jpg
https://img00.deviantart.net/8f04/i/2016/127/2/9/shambhala__pinwheel__galaxy_map_by_peachlover94-da1o4rl.png
https://3c1703fe8d.site.internapcdn.net/newman/gfx/news/hires/2008/spitzerrevea.jpg
https://cdn.spacetelescope.org/archives/images/wallpaper5/heic0602f.jpg
http://www.spitzer.caltech.edu/uploaded_files/graphics/high_definition_graphics/0008/3859/M83-rect.jpg?1322076943
https://imgc.allpostersimages.com/img/print/posters/stocktrek-images-pinwheel-galaxy-ngc-5457_a-G-4910686-4990795.jpg
https://www.nasa.gov/sites/default/files/thumbnails/image/m101_0.jpg
http://www.astronomersdoitinthedark.com/images/product/images/M101-1160-450D-NoFilt-1600--2012-0418-0422---192x180--Final.jpg
http://astropixels.com/galaxies/images/M101-01w.jpg
http://www.capella-observatory.com/images/Galaxies/M101SecBig.jpg
http://gaskin-astro.org/gallery/main.php?g2_view=core.DownloadItem&g2_itemId=337&g2_serialNumber=2
https://apod.nasa.gov/apod/image/0303/m101_cfht.jpg
http://i.imgur.com/Uq01YZr.png
http://astropixels.com/galaxies/images/M101-01z.jpg
http://astrobob.areavoices.com/files/2011/08/M101-tight-finder-1024x654.jpg
https://c8.alamy.com/comp/D29YPA/spiral-galaxy-m101-pinwheel-galaxy-hubble-space-telescope-D29YPA.jpg
https://astrobackyard.com/wp-content/uploads/2016/02/find_m101-688x478.jpg
https://fsa.zobj.net/crop.php?r=rmX3vt7mBk-_IJ1Ck1pFckeRh8ios3gMcrkWrNdcVroGCDTiOU2ZJ7SaTqd-jnQyX3RQ9Plp7F7AyyNAqINDlHf9WpzqCEKs6F-9yMB_j9iDF1TLkR3q_FCdtwgYFdyG2ZhcsygGsjC-_GS3
http://scienceblogs.com/startswithabang/files/2013/10/m101-driz-ps1-full-590x455.jpg
http://www.clarkvision.com/galleries/images.astrophoto-1/web/m101-420mm-rnclark.c04.19.2017.0J6A2521-612av87.m-0.5x-c1s.jpg
https://spaceplace.nasa.gov/review/pinwheel-galaxy/pinwheel.gif
https://astrobackyard.com/wp-content/uploads/2018/05/M101-pinwheel-galaxy-astrophotography.jpg
http://sites.middlebury.edu/mittelmanastrophotography/files/2018/05/pinwheel-galaxy-orig.jpg
https://cdn.factslegend.org/wp-content/uploads/2016/06/pinwheel-galaxy.jpg
http://astrodoc.ca/wp-content/uploads/2017/02/M101-41hr20m-HaLRGB-Feb-2017.jpg
http://scienceblogs.com/startswithabang/files/2013/10/M1012.png
https://www.esa.int/var/esa/storage/images/esa_multimedia/images/2017/09/herschel_s_view_of_the_pinwheel_galaxy/17161750-1-eng-GB/Herschel_s_view_of_the_Pinwheel_Galaxy_node_full_image_2.jpg
http://www.astronomy.com/-/media/Images/News%20and%20Observing/News/2014/08/TriangulumGalaxy.jpg?mw=600
https://noctilove.co.uk/wp-content/uploads/pinwheel-galaxy-messier-101.jpg
http://www.deepskywatch.com/images/sketches/messier/M101-pinwheel-galaxy-sketch.jpg
https://www.sciencedaily.com/images/2005/02/050205125047_1_900x600.jpg
http://1.bp.blogspot.com/-1wn2aqgDPTY/U2cRZhXrLAI/AAAAAAABfnk/FoGJmh9vF5k/s1600/Fourth+Result.jpg
http://www.caasastro.org/wp-content/uploads/2017/03/M101-tiff-Ver-1.jpg
http://cs.astronomy.com/cfs-file.ashx/__key/telligent-evolution-components-attachments/13-58-00-00-00-49-13-33/M83_5F00_BorisFedorov.jpg
http://www.messier-objects.com/wp-content/uploads/2015/08/Messier-83.jpg
https://cdn.spacetelescope.org/archives/images/wallpaper5/heic0602g.jpg
https://static.skillshare.com/uploads/parentClasses/12e1f51b35864e61a7f0c4743b4f0d08/66c5e0c4
http://scienceblogs.com/startswithabang/files/2012/05/i-47d697f3fdc8bd5e69cf0c7d488f6cdf-2011-09-08_sn101-600x626.jpg
https://media.wired.com/photos/593386e495879f6d0c00c3b2/2:1/w_2500,c_limit/pinwheel-galaxy.jpg
http://www.messier.seds.org/Jpg/m101.jpg
https://spaceplace.nasa.gov/review/pinwheel-galaxy/pinwheel1.en.jpg
http://www.iac.es/telescopes/IAM/albums/2009/52_Ago09_M101.jpg
http://www.astrofriend.eu/astronomy/my-astronomy-photo/galaxies/images/m101/images/m101-20151201-120sec-800.jpg
https://malagabay.files.wordpress.com/2013/06/m101-pinwheel-galaxy.jpg?w=640&h=480
http://scienceblogs.com/startswithabang/files/2013/10/m101_far.jpg
https://s22380.pcdn.co/wp-content/uploads/2014-11-17_546983f9b7481_M33_Pommier.jpg
http://media.jrn.com/images/lookingup_21763394_ver1.0_640_480.jpg
https://images.icanvas.com/3d/square-1/1000-750-f4f5f6/GEN36.jpg?t=1535501531
https://cadsas.com/wp-content/uploads/M101-01-April-17.jpg
http://planewave.com/wp-content/uploads/files/images/174.jpg
https://c8.alamy.com/comp/JCDXF3/messier-83-southern-pinwheel-galaxy-m83-or-ngc-5236-is-a-barred-spiral-JCDXF3.jpg
http://wallpapers.simplythebest.net/wallpapers/download-1420-1920x1200.jpeg
https://svs.gsfc.nasa.gov/vis/a030000/a030900/a030969/STScI-H-M101-IR_1920x1080_print.jpg
https://www.sciencedaily.com/images/2011/10/111018214618_1_540x360.jpg
http://sci.esa.int/science-e-media/img/c6/lores_38854.jpg
https://www.narrowbandimaging.com/images/m33.jpg
http://www.seetheglory.com/wp-content/uploads/2015/10/m33b10-1170x830.jpg
http://www.esa.int/var/esa/storage/images/esa_multimedia/images/2013/06/m101/12875416-1-eng-GB/M101.jpg
https://stargazerslounge.com/uploads/monthly_02_2011/post-21238-133877538712.jpg
https://us.123rf.com/450wm/baldas1950/baldas19501712/baldas1950171200004/92293565-pinwheel-galaxy-also-known-as-m101-it-is-a-spiral-galaxy-about-twenty-one-million-light-years-away-t.jpg?ver=6
http://s3.amazonaws.com/everystockphoto/fspid30/29/25/47/5/astronomy-galaxy-star-2925475-o.jpg
http://www.constellation-guide.com/wp-content/uploads/2013/05/M101-composite-image-1024x1024.jpg
http://scienceblogs.com/startswithabang/files/2012/05/inner_core-600x644.jpg
http://cdn.spacetelescope.org/archives/images/screen/heic0602h.jpg
https://st3.depositphotos.com/9091648/16021/i/1600/depositphotos_160215278-stock-photo-pinwheel-galaxy-spiral-galaxy-in.jpg
https://www.messier-objects.com/wp-content/uploads/2015/09/Messier-105.jpg
https://www.eurekalert.org/multimedia/pub/web/154590_web.jpg
https://media.wired.com/photos/593386e495879f6d0c00c3b2/191:100/pass/pinwheel-galaxy.jpg
http://s7d5.scene7.com/is/image/Orion/ap266_5152010?scl=1
https://image.shutterstock.com/image-photo/messier-101-pinwheel-galaxy-constellation-260nw-412689016.jpg
https://freestarcharts.com/images/Articles/Messier/M83_ESO.jpg
https://galaxyonglass.com/wp-content/uploads/2018/03/Galaxy-on-Glass-Chris-Lintott-Collection-The-Pinwheel.jpg
http://planewave.com/wp-content/uploads/2012/11/53.jpg
https://in-the-sky.org/image.php?style=medium&userimg=19910715_115841_80feb42070a9.png
https://fuzzy.photos/images/astro_content/m101/m101_20150315_50pct_web.jpg
http://cs.astronomy.com/cfs-file.ashx/__key/telligent-evolution-components-attachments/13-58-00-00-00-49-15-37/20170107_5F005F00_M33_5F00_Triangulum_5F00_Galaxy_5F005F00_LRGB_5F00_28x600s_4000_1x1_2B00_60x300s_4000_2x2.jpg
https://c7.staticflickr.com/8/7560/27516727366_26cc4ae22b_o.jpg
https://c8.alamy.com/comp/BFRJYH/the-southern-pinwheel-galaxy-BFRJYH.jpg
https://darkskies.space/wp-content/uploads/2018/07/M101-LRGB-Zoomed-20180708.jpg
https://c1.staticflickr.com/5/4157/33915926254_6a2bd87e06_b.jpg
http://www.deepskywatch.com/images/sketches/messier/M101-pinwheel-galaxy-annotated.jpg
https://media.gettyimages.com/photos/pinwheel-galaxy-picture-id482858095?s=612x612
https://comps.canstockphoto.com/pinwheel-galaxy-spiral-galaxy-in-the-clip-art_csp48849827.jpg
http://sites.middlebury.edu/mittelmanastrophotography/files/2018/05/pinwheel-galaxy-16x9.jpg
https://i.ytimg.com/vi/iw4ojwzWsR0/maxresdefault.jpg
https://i.pinimg.com/originals/15/10/2e/15102e6cce8db1a7bc62ec9474e37ef7.png
https://media.istockphoto.com/photos/space-background-with-silhouette-of-telescope-pinwheel-galaxy-messier-picture-id824717132
https://jnishant.com/wp-content/uploads/2015/03/m101.jpg
http://www.messier-objects.com/wp-content/uploads/2015/08/Southern-Pinwheel-Galaxy.jpg
https://secure.i.telegraph.co.uk/multimedia/archive/01669/spiral_1669050c.jpg
http://www.astroeder.com/rimg/1/406_1558_80dd03ee_.jpg
http://content.redshiftastro.com/wp-content/uploads/2015/11/m101-1631.jpg?x46754
http://faculty.fortlewis.edu/hakes_c/observatory_website_images/M101_RGB730_bg_stars_L_overlay_v4_huge.jpg
https://images-na.ssl-images-amazon.com/images/I/61erVXZNY7L._SX425_.jpg
http://www.angelsabove.org/wp-content/uploads/2015/04/M101.jpg
https://ichef.bbci.co.uk/images/ic/976x549_b/p047by02.jpg
https://us.123rf.com/450wm/nasaimages/nasaimages1706/nasaimages170600238/79520459-the-pinwheel-galaxy-also-known-as-messier-101-m101-or-ngc-5457-is-a-face-on-spiral-galaxy-in-the-con.jpg?ver=6
http://astroa.physics.metu.edu.tr/Astronom/GALAXY/M33.JPG
http://astrobob.areavoices.com/files/2011/08/SN2011fe-Brimacombe-Aug-28-400x398.jpg
https://steamuserimages-a.akamaihd.net/ugc/158027756673794713/4F1CC05269F0EFA4F246C559338D885B47BC0AF3/?interpolation=lanczos-none&output-format=jpeg&output-quality=95&fit=inside%7C637%3A358&composite-to=*,*%7C637%3A358&background-color=black
https://render.fineartamerica.com/images/rendered/medium/metal-print/images-medium-5/pinwheel-galaxy-hubble-legacy-archivenaojrobert-gendlerscience-photo-library.jpg
https://thumbs.dreamstime.com/z/pinwheel-galaxy-messier-m-constellation-ursa-major-elements-image-furnished-nasa-retouched-image-96783882.jpg
http://astrofotografia.eu/wp-content/uploads/2016/12/m83_75proc.jpg
http://www.darkskytelescopehire.co.uk/wp-content/uploads/2016/02/Messier101PinwheelGalaxyFinderChart-e1456161721869.jpg
https://www.skynews.ca/wp-content/uploads/2017/02/John-Reaume-M33-24Sept2016-PI-PS-m-r.jpg
https://i5.walmartimages.com/asr/797363dc-e420-41c7-b0ef-68ed766ec062_1.bb10126ac22b437ba6e0cc90988bf90f.jpeg?odnHeight=450&odnWidth=450&odnBg=FFFFFF
https://media.gettyimages.com/photos/the-pinwheel-galaxy-picture-id78704866?s=612x612
https://apod.nasa.gov/apod/image/9708/m101_wk_big.gif
https://photos.smugmug.com/Galaxies/i-VPCN92z/0/9677c4dd/L/m101-L.png
https://static1.squarespace.com/static/503446fde4b0c36e3ab1695f/t/5908806b9f7456d3d9c42933/1493730140920/
https://image.shutterstock.com/image-photo/messier-83-southern-pinwheel-galaxy-260nw-504463540.jpg
https://s-media-cache-ak0.pinimg.com/originals/61/c3/f2/61c3f2847fae479c3073aaf730f7e9e2.jpg
https://c1.staticflickr.com/1/957/41137228044_b2328522ee_b.jpg
https://cdn.spacetelescope.org/archives/images/screen/heic0602d.jpg
http://tvhiggins.com/wp-content/uploads/2018/06/Pinwheel-III-Full-Frame-Trimmed-Reduced.jpg
https://cdn.shopify.com/s/files/1/1915/0809/products/ps21-canvas-16x16.png?v=1496950692
https://comps.canstockphoto.com/pinwheel-galaxy-spiral-galaxy-in-the-stock-image_csp49264866.jpg
https://i.imgur.com/Gk3UvUg.jpg
https://imgc.allpostersimages.com/img/print/posters/robert-gendler-the-core-of-m101-the-giant-pinwheel-galaxy-235-million-light-years-away_a-G-8998619-14258395.jpg
https://www.gxccd.com/image?id=1727&thumb=on
https://media.gettyimages.com/photos/the-pinwheel-galaxy-picture-id106898473?b=1&k=6&m=106898473&s=612x612&w=0&h=tyl1B_H-AWDMq6LfMcffIJfhYKntykVJXVo5Z9xcu3M=
http://astrobob.areavoices.com/files/2011/08/M101-panel-1024x446.jpg
https://cdn.shopify.com/s/files/1/1214/8062/products/1688_979d29bf-85ad-4c0f-8a1d-a29ef36cf7a4_1024x1024.jpg?v=1529114092
http://www.astrofotoblog.eu/wp-content/uploads/2016/05/M101-2016-05-05-30C-42xL300s-26xHa-27xRGB200s-b2x2_FL1000_02.jpg
http://www.constellation-guide.com/wp-content/uploads/2013/05/Pinwheel-Galaxy-NASA-detail.jpg
https://www.sciencephoto.com/image/536065/530wm
http://planewave.com/wp-content/uploads/files/images/119.jpg
https://static.greatbigcanvas.com/images/singlecanvas_thick_none/stocktrek-images/messier-101-the-pinwheel-galaxy,2323289.jpg?mw=540&mh=500&max=540
https://i0.wp.com/olympusmons.club/wp-content/uploads/2017/07/DSC_0055.jpg?fit=4000%2C6000&ssl=1
https://s22380.pcdn.co/wp-content/uploads/2017-06-21_5949c4bc87b1f_m83_174mm_lrgb.jpg
https://i.redd.it/i08w5edb83l11.png
https://previews.123rf.com/images/nasaimages/nasaimages1707/nasaimages170700329/82766302-messier-83-southern-pinwheel-galaxy-m83-or-ngc-5236-is-a-barred-spiral-galaxy-in-the-constellation-h.jpg
https://ctl.s6img.com/society6/img/mA4LuhYJIQtcVn-KfrpVUVIWinw/w_700/prints/~artwork/s6-original-art-uploads/society6/uploads/misc/fe78a2715eaf473bb9c40ad9e3f29f96/~~/pinwheel-galaxy-gouache-watercolor-painting-prints.jpg?wait=0&attempt=0
http://backyardspaceadventure.com/wp-content/uploads/2018/05/pinwheel-galaxy.jpg
https://c1.staticflickr.com/1/866/40935398685_5c98d895f2_b.jpg
https://secure.img1-fg.wfcdn.com/im/38522240/resize-h800-w800%5Ecompr-r85/5438/54384719/%2527M101%252C+The+Pinwheel+Galaxy%2527+Graphic+Art+Print+on+Canvas.jpg
https://thumbs.dreamstime.com/z/messier-southern-pinwheel-galaxy-m-constellation-hydra-nelements-image-furnished-nasa-retouched-image-96783852.jpg
https://c8.alamy.com/comp/DYBB9Y/messier-101-the-pinwheel-galaxy-DYBB9Y.jpg
https://sep.yimg.com/ay/skyimage/m101-pinwheel-galaxy-20.jpg
http://www.corius.net/wp-content/uploads/2012/03/m101-1500x630.jpg
https://i.etsystatic.com/17489514/d/il/fbf917/1540425109/il_340x270.1540425109_jrbt.jpg?version=0
https://cdn.xl.thumbs.canstockphoto.com/bright-spiral-galaxy-in-the-outer-space-stock-illustration_csp38728761.jpg
https://www.thinairphotography.com/img/s/v-3/p2366665164-3.jpg
http://www.milkywayimages.com/assets/Images/M101-1824-med.jpg
https://i.ytimg.com/vi/eNGlKm8WmaM/hqdefault.jpg
https://stargazerslounge.com/uploads/monthly_2016_07/image.jpeg.29dec2b8c0315eec4f14a5d3acd9975c.jpeg
https://www.soulitude.in/wp-content/uploads/Astronomy-Pinwheel-Galaxy.jpg
http://3.bp.blogspot.com/-lWMnk1H8dEw/VdK9k5KXQvI/AAAAAAAA_9k/Gh2tkziS2g4/s1600/M101-locator-1024x782.jpg
http://planetary.s3.amazonaws.com/assets/images/universe/20150106_CE3_Capture_M101_Galaxy.jpg
https://www.sciencephoto.com/image/333498/530wm
https://images.fineartamerica.com/images-medium-large-5/m101-pinwheel-galaxy-lucy-west.jpg
https://i.pinimg.com/originals/65/37/b5/6537b59a6adbbf76709f7c4367612008.png
https://www.cloudynights.com/uploads/gallery/album_7530/gallery_243424_7530_202620.png
https://www.sciencesource.com/Doc/SCS/Media/TR1_WATERMARKED/7/8/3/4/SS2714636.jpg?d63644144005
http://cdn.shopify.com/s/files/1/1214/8062/products/1988_0bdc62ac-96ef-47c9-80b2-9977e58a89b0_grande.jpg?v=1536958343
https://www.astrosite.co.uk/wp-content/uploads/2014/03/M101-02-03-14-2048-DeBlued.jpg
https://steamuserimages-a.akamaihd.net/ugc/942830821900560638/3426690C039B78D15225BCF571F1976CD9AFBC03/?interpolation=lanczos-none&output-format=jpeg&output-quality=95&fit=inside%7C637%3A358&composite-to=*,*%7C637%3A358&background-color=black
https://blinkysastroblog.files.wordpress.com/2015/02/pinwheel-widefield-annotated.jpg
http://planewave.com/wp-content/uploads/2012/11/31.jpg
http://scienceblogs.com/startswithabang/files/2013/10/m101_near.jpg
https://ssl.c.photoshelter.com/img-get2/I00000sbAEws9wf4/fit=1000x750/M101-Pinwheel-Galaxy-5in-f4-5.jpg
https://i.imgur.com/bhdTlxh.jpg
http://www.meade4m.com/uploads/monthly_03_2016/post-102065-0-44167800-1456842566.jpg
https://us.123rf.com/450wm/nasaimages/nasaimages1706/nasaimages170600095/79392537-messier-83-southern-pinwheel-galaxy-m83-or-ngc-5236-is-a-barred-spiral-galaxy-in-the-constellation-h.jpg?ver=6
https://image.shutterstock.com/image-photo/messier-83-southern-pinwheel-galaxy-450w-686995312.jpg
https://c8.alamy.com/comp/C1TKKC/the-pinwheel-galaxy-C1TKKC.jpg
http://www.perezmedia.net/beltofvenus/archives/images/2010/img2010021301_M101dss.jpg
http://cs.astronomy.com/resized-image.ashx/__size/1000x0/__key/telligent-evolution-components-attachments/13-58-00-00-00-49-02-79/M33LRGB5-Deconvolved.jpg
https://www.messier-objects.com/wp-content/uploads/2015/09/Messier-102.jpg
http://coatesastrophotography.com/img/s7/v165/p883412392-4.jpg
http://www.astroeder.com/rimg/92/406_1560_8a90b626_m101_ederL.jpg
https://www.ccdastrophoto.com/storage/cache/images/000/044/M101,medium_large.1526277369.jpg
http://tvhiggins.com/wp-content/uploads/2018/06/Pinwheel-III.jpg
https://i.ytimg.com/vi/wo9OyMrAK-A/maxresdefault.jpg
https://render.fineartamerica.com/images/rendered/medium/phone-case/iphone10/images-medium-5/1-southern-pinwheel-galaxy-nasajpl-caltechscience-photo-library.jpg
http://didevandenheuvel.eu/storage/cache/images/000/021/M101-LRGBHa-V8-66,medium_large.1446840539.jpg
http://content.redshiftastro.com/wp-content/uploads/2015/11/m101-annotated.jpg?x46754
https://c1.staticflickr.com/9/8101/8605433688_9e4037f62d_b.jpg
https://media.gettyimages.com/photos/the-southern-pinwheel-galaxy-also-known-as-messier-83-or-ngc-5236-is-picture-id74039538?s=612x612
https://www.sciencedaily.com/images/2011/10/111018214618_1_900x600.jpg
https://www.sciencephotogallery.com/p/173/optical-image-m101-pinwheel-galaxy-6443169.jpg
https://imperialios.files.wordpress.com/2013/07/m101.jpg
https://s22380.pcdn.co/wp-content/uploads/2018-04-22_5add093988bcd_M83.jpg
https://ih1.redbubble.net/image.490528905.9883/flat,1000x1000,075,f.u1.jpg
http://www.assignmentpoint.com/wp-content/uploads/2015/10/pinwheel-galaxy.jpg
http://www.docdb.net/img/dso/ngc/5/ngc_5236_m83lrgbrc.jpg
http://andersson-design.s3.amazonaws.com/astro/TEC/Pinwheel/PinwheelWeb.jpg
http://www.saratogaskies.com/m101rgb-full.jpg
http://ousterhout.net/gallery/slideshows/hst/The%20Southern%20Pinwheel%20Galaxy,%20M83.jpg
https://st.depositphotos.com/1847537/1620/i/950/depositphotos_16204111-stock-photo-m101-pinwheel-galaxy.jpg
http://s7d5.scene7.com/is/image/Orion/ap58_5142008?$660wide$
https://i3.cpcache.com/product/1930143523/M83_the_Southern_Pinwheel_Galaxy_Mugs_300x300.jpg?height=300&width=300&qv=90&side=back&Filters=[{%22name%22:%22background%22,%22value%22:%22ddddde%22,%22sequence%22:2}]
http://news.sponli.com/en/wp-content/uploads/2014/11/10-%D0%BD%D0%BE%D1%8F%D0%B1%D1%80%D1%8F-%D0%B3%D0%B0%D0%BB%D0%B0%D0%BA%D1%82%D0%B8%D0%BA%D0%B0-%D1%82%D1%80%D0%B5%D1%83%D0%B3%D0%BE%D0%BB%D1%8C%D0%BD%D0%B8%D0%BA%D0%B0.jpg
https://as2.ftcdn.net/jpg/01/09/27/43/500_F_109274342_YAciqvXMlMFEVWUSOpEapASQFkQimBZA.jpg
https://thumbs.dreamstime.com/z/messier-southern-pinwheel-galaxy-m-constellation-h-hydra-elements-image-furnished-nasa-retouched-image-96783902.jpg
https://i0.wp.com/astrobob.areavoices.com/files/2011/08/M101-tight-finder-1024x654.jpg?resize=350%2C200
http://harriettrexsmith.com/wp-content/uploads/2017/10/m101.jpg
http://cdn.ipernity.com/200/34/68/39113468.705bc0e9.640.jpg?r2
https://c1.staticflickr.com/5/4792/38893032390_6cbcd263e4_b.jpg
https://static.wixstatic.com/media/d8a647_fd38f957149441d9b9206dce1065acda~mv2_d_2048_1365_s_2.jpg/v1/fit/w_2048,h_2048,al_c,q_80/file.jpg
https://www.cloudynights.com/uploads/monthly_05_2017/post-7121-0-50597100-1494948748.jpg
https://www.chromosphere.co.uk/wp-content/gallery/galaxies/M101-20150419.LUMINANCE.REDUCED.COMBINED.BORDERED-1.jpg
http://news.sponli.com/en/wp-content/uploads/2014/01/dde70f1f4ab09ba60081bcbfe8a1789d.1824x0_q100_watermark.jpg
https://image1.masterfile.com/getImage/875-06544256em-m101-the-pinwheel-galaxy-stock-photo.jpg
https://render.fineartamerica.com/images/rendered/default/greeting-card/images-medium-5/pinwheel-galaxy-robert-gendlerscience-photo-library.jpg?&targetx=0&targety=-33&imagewidth=699&imageheight=567&modelwidth=700&modelheight=500&backgroundcolor=2E3A51&orientation=0
https://image.shutterstock.com/image-photo/messier-83-southern-pinwheel-galaxy-450w-654625339.jpg
https://comps.canstockphoto.com/m101-pinwheel-galaxy-picture_csp47234215.jpg
https://c8.alamy.com/comp/HRJC1B/m101-pinwheel-galaxy-infrared-HRJC1B.jpg
https://steamuserimages-a.akamaihd.net/ugc/942830821886483909/9CC464347A6C1D45FD963F47004330F5A5AC1C72/?interpolation=lanczos-none&output-format=jpeg&output-quality=95&fit=inside%7C268%3A268&composite-to=*,*%7C268%3A268&background-color=black
https://thumbs.dreamstime.com/z/m101-pinwheel-galaxy-27967874.jpg
https://stargazerslounge.com/uploads/monthly_2018_02/785CA9AB-8F0C-407A-9CDB-1B3E3C78C809.jpeg.51f5553735dd8f59a6821282b9301e79.jpeg
https://s22380.pcdn.co/wp-content/uploads/2017-11-29_5a1f2ef78dcb0_M101_NGC5474_NGC5477_29Nov17_300mmf5p633m50stotal_5ssubs_3200ISO_PSroute_crop2_small.jpg
https://c1.staticflickr.com/5/4654/39386036915_c880a61a95_b.jpg
http://www.galaxyphoto.com/high_res/jw_apogee_acf12_20_m33.jpg
http://fullpix.net/images/2018/05/p1rd7yrz11k6czteui2u.jpg
https://t4.ftcdn.net/jpg/02/07/34/39/240_F_207343919_G3Oj4Ayl6Z6i6YRC4haQQ1SN3nznBFmH.jpg
https://i.ytimg.com/vi/__BVJZgpxtw/maxresdefault.jpg
https://i2.wp.com/astrobob.areavoices.com/files/2011/09/SN2011fe-Will1-400x335.jpg?resize=350%2C200
https://i2.wp.com/40.media.tumblr.com/9739172e0d8ee357855b6efefdc60eeb/tumblr_ntev0l56Q31qcn4l9o1_500.jpg?w=525
http://2.bp.blogspot.com/-nHwlOAzKIe8/Tl63FwDKIMI/AAAAAAAAGnM/C-7vQRJ0YSE/s1600/SN-2011fe-in-M101-Pinwheel-Galaxy.jpg
https://www.cloudynights.com/uploads/monthly_05_2016/post-207355-0-22717700-1462889579.jpg
http://www.constellation-guide.com/wp-content/uploads/2013/05/Pinwheel-Galaxy-X-ray.jpg
https://media.istockphoto.com/photos/pinwheel-galaxy-with-human-eye-some-elements-provided-courtesy-of-picture-id1042364186
http://ep.yimg.com/ay/mcmahanphoto/star-formation-in-pinwheel-galaxy-hubble-space-telescope-photo-print-2.jpg
https://stargazerslounge.com/uploads/monthly_2017_08/IMG_1240.thumb.JPG.fcfe0c1da9133a452eabab672a31aac4.JPG
http://ardiafm.com/wp-content/uploads/st/stock-photo-messier-southern-pinwheel-galaxy-m-or-ngc-is-a-barred-spiral.jpg
https://c1.staticflickr.com/5/4189/33793989444_dfc1544208_b.jpg
https://i.ytimg.com/vi/Bk8mzgz2m1s/maxresdefault.jpg
http://s7d5.scene7.com/is/image/Orion/ap1646_9162012?$660wide$
https://thumbs.dreamstime.com/x/messier-pinwheel-galaxy-constellation-ursa-major-taken-ccd-camera-big-focal-length-telescope-m-ngc-face-70633903.jpg
http://www.deepskywatch.com/images/sketches/messier/M101-pinwheel-galaxy-drawing-bw.jpg
https://image.shutterstock.com/image-photo/our-galaxy-milky-way-against-260nw-556857565.jpg
http://astrobob.areavoices.com/files/2011/08/M101-SN-finder1-290x400.jpg
http://scienceblogs.com/startswithabang/files/2012/05/hubble_inner_core-745x700.jpg
https://i.imgur.com/kxjHeLd.jpg
https://s22380.pcdn.co/wp-content/uploads/M101_The-Pinwheel-Galaxy-PHOTOSHOP.jpg
https://cdn.xl.thumbs.canstockphoto.com/m101-pinwheel-galaxy-messier-101-ngc-5457-also-known-as-the-pinwheel-galaxy-in-ursa-major-as-seen-picture_csp47234215.jpg
https://c1.staticflickr.com/2/1863/44322858012_2e44185f70_b.jpg
https://stargazerslounge.com/uploads/monthly_2016_06/image.jpeg.a3afecc373b58653c157c6224fd00898.jpeg
https://image.shutterstock.com/z/stock-photo-earth-planet-on-milky-way-background-against-andromeda-milky-way-galaxy-heic-a-pinwheel-galaxy-536079190.jpg
https://imgc.artprintimages.com/img/print/close-up-of-the-southern-pinwheel-galaxy_u-l-piya7e0.jpg?h=550&w=550&background=fbfbfb